scenario,nonce,baseline_profit,current_policy_profit,current_quality,solve_time,solver_status,oracle_profit,oracle_quality,replay_profit,replay_bound_violation,replay_flow_violation,replay_max_clip,primal_ub_residual,primal_eq_residual,soc_residual,soc_bound_violation,objective_replay_discrepancy,current_to_oracle_gap,n_vars,n_eq,n_ub
BASELINE,0,18470.30233528574,37032.646826783646,1.004983,0.15942025184631348,optimal,38385.01029490056,1.078201514898404,38383.549799810775,False,False,1.0302869668521453e-13,7.105427357601002e-15,1.4210854715202004e-14,2.842170943040401e-14,0.0,1.460495089784672,0.07321851489840414,2880,960,5760
CONGESTED,1,41057.013504291994,157768.08950327692,2.842659,0.6695899963378906,optimal,169400.70004001574,3.1259869040202117,169396.8454675528,False,False,2.8066438062523957e-13,2.842170943040401e-14,4.618527782440651e-14,7.815970093361102e-14,0.0,3.8545724629366305,0.2833279040202119,5760,1920,11520
MULTIDAY,2,10053.530318524508,366165.29868730804,10.0,13.209532499313354,optimal,407844.50030177925,10.0,407829.5897649834,False,False,1.4317436125566019e-12,4.645173135031655e-13,3.943512183468556e-13,7.212008767965017e-13,0.0,14.910536795854568,0.0,23040,7680,46080
DENSE,3,34208.64974731878,316509.7133751583,8.25233,41.324931383132935,optimal,376946.78086079366,10.0,376924.2256376681,False,False,2.177724667262737e-11,6.508571459562518e-12,5.326583618625591e-11,6.259881502046483e-11,0.0,22.55522312555695,1.7476699999999994,34560,11520,76800
CAPSTONE,4,49748.415961310595,933272.7799767394,10.0,172.33184027671814,optimal,1619653.7025366684,10.0,1619617.159642188,False,False,2.2644925934400817e-09,7.065459328714496e-11,5.95878901776814e-10,5.958362692126684e-10,0.0,36.5428944802843,0.0,57600,19200,115200
BASELINE,5,6717.0546462141565,40741.46756170753,5.065377,0.18346071243286133,optimal,44313.162511963346,5.597112103493436,44311.720472530156,False,False,2.3092638912203256e-13,2.842170943040401e-14,1.7763568394002505e-14,7.105427357601002e-14,0.0,1.4420394331900752,0.5317351034934363,2880,960,5760
CONGESTED,6,11618.514735215234,94014.23921317887,7.091761,0.83837890625,optimal,105462.75955722103,8.077129215965158,105459.46453726273,False,False,4.725109192804666e-13,1.5187850976872141e-13,1.1901590823981678e-13,9.947598300641403e-14,0.0,3.2950199582992354,0.985368215965158,5760,1920,11520
MULTIDAY,7,29096.135322313865,311787.64345495007,9.715775,14.67856502532959,optimal,352784.94258157635,10.0,352770.2631137147,False,False,3.4727776210274897e-12,1.0942358130705543e-12,1.2647660696529783e-12,1.893596390800667e-12,0.0,14.67946786165703,0.2842249999999993,23040,7680,46080
DENSE,8,7624.15934906227,538410.9183753663,10.0,43.429601430892944,optimal,580444.1396974907,10.0,580418.9923629737,False,False,7.47249373489467e-09,2.1536550320888637e-11,1.7747510128174326e-09,1.7747225911080022e-09,0.0,25.147334516979754,0.0,34560,11520,76800
CAPSTONE,9,39952.63618573846,611763.7949027164,10.0,182.64585614204407,optimal,1097458.6543693957,10.0,1097418.5117936311,False,False,1.6291696880443851e-09,8.908784820960136e-10,2.335539761588734e-09,2.3355113398793037e-09,0.0,40.142575764562935,0.0,57600,19200,115200
BASELINE,10,39906.54920140796,56441.846329435575,0.41435,0.1960315704345703,optimal,59668.3069760943,0.49520086726751916,59666.70354693062,False,False,3.268496584496461e-13,1.4210854715202004e-14,1.4210854715202004e-14,8.704148513061227e-14,0.0,1.6034291636824491,0.08085086726751917,2880,960,5760
CONGESTED,11,58657.47074832574,132473.600228155,1.258427,1.3093531131744385,optimal,142813.45744727377,1.4347019335114344,142810.26750096548,False,False,2.4868995751603507e-13,1.438849039914203e-13,2.842170943040401e-14,7.638334409421077e-14,0.0,3.1899463082954753,0.17627493351143442,5760,1920,11520
MULTIDAY,12,19553.99676966946,313192.7108481925,10.0,14.26283049583435,optimal,347643.3202584694,10.0,347627.901152787,False,False,2.1458390619955026e-12,1.0871303857129533e-12,5.258016244624741e-13,5.755396159656812e-13,0.0,15.419105682405643,0.0,23040,7680,46080
DENSE,13,31664.549759216046,764819.1074381334,10.0,47.118523836135864,optimal,846346.8054878205,10.0,846322.5060611469,False,False,4.9254822442890145e-11,7.407408020299044e-13,1.2953194072906626e-11,1.7628565274208086e-11,0.0,24.29942667367868,0.0,34560,11520,76800
CAPSTONE,14,19815.54456964734,683748.1250620873,10.0,201.52467107772827,optimal,1258038.160195578,10.0,1258003.0684656678,False,False,4.29518820510566e-09,1.8806645130098332e-10,1.1425882462390291e-09,1.1425242973928107e-09,0.0,35.09172991011292,0.0,57600,19200,115200
BASELINE,15,34830.360706967294,47867.84757399641,0.374314,0.15497398376464844,optimal,49504.55041430611,0.42130455754890184,49503.01838312854,False,False,7.105427357601002e-14,2.6645352591003757e-14,7.105427357601002e-15,2.6645352591003757e-14,0.0,1.5320311775722075,0.04699055754890186,2880,960,5760
CONGESTED,16,23186.278464472834,75473.52739389798,2.255094,0.7033529281616211,optimal,79612.04515413633,2.4335844483921067,79608.66717784083,False,False,2.984279490192421e-13,7.105427357601002e-14,2.842170943040401e-14,8.881784197001252e-14,0.0,3.377976295494591,0.1784904483921066,5760,1920,11520
MULTIDAY,17,36956.38195906096,394837.538552099,9.68388,16.199135541915894,optimal,440691.56154524395,10.0,440675.9887445501,False,False,4.646949491871055e-12,5.400124791776761e-13,1.2647660696529783e-12,1.4566126083082054e-12,0.0,15.57280069385888,0.31611999999999973,23040,7680,46080
DENSE,18,38617.37170403475,538820.7758108622,10.0,45.92282819747925,optimal,614786.7944625138,10.0,614764.2151739935,False,False,3.9175773736133124e-11,1.3891110484109959e-12,9.308109838457312e-12,1.0629719326971099e-11,0.0,22.579288520268165,0.0,34560,11520,76800
CAPSTONE,19,13664.519514577092,752919.6299207485,10.0,182.11901354789734,optimal,1265020.7227424048,10.0,1264982.796696215,False,False,1.1484004858175467e-09,2.524913611523516e-11,3.1580782433593413e-10,3.022115890871646e-10,0.0,37.92604618985206,0.0,57600,19200,115200
BASELINE,20,28027.008076760507,39004.52772527638,0.391676,0.15580987930297852,optimal,41848.433610383094,0.4931466639348464,41847.00769032919,False,False,1.6342482922482304e-13,7.105427357601002e-15,1.4210854715202004e-14,4.263256414560601e-14,0.0,1.425920053901791,0.10147066393484638,2880,960,5760
CONGESTED,21,2980.999464512717,87855.44068400256,10.0,1.031914234161377,optimal,93281.31592383047,10.0,93277.5380698371,False,False,3.765876499528531e-13,5.684341886080802e-14,3.552713678800501e-14,9.947598300641403e-14,0.0,3.7778539933642605,0.0,5760,1920,11520
MULTIDAY,22,18181.656705796402,288088.07696769154,10.0,13.847527503967285,optimal,348367.76160927676,10.0,348353.4101247085,False,False,2.588507186374045e-11,4.760636329592671e-13,6.853184686406166e-12,6.814104835939361e-12,0.0,14.351484568265732,0.0,23040,7680,46080
DENSE,23,41107.295854857024,658655.5657274154,10.0,40.068429946899414,optimal,732550.5402487338,10.0,732527.651248088,False,False,8.517275773556321e-11,6.17355055965163e-11,2.2581048142455984e-11,2.7334579044691054e-11,0.0,22.889000645838678,0.0,34560,11520,76800
CAPSTONE,24,16469.663036637314,549487.928559811,10.0,191.5866734981537,optimal,1043990.0704772829,10.0,1043953.83401327,False,False,4.4298076318227686e-10,6.186695600263192e-11,1.1654321951937163e-10,1.1665690635709325e-10,0.0,36.23646401287988,0.0,57600,19200,115200
BASELINE,25,48056.65881148651,64395.13010320337,0.339984,0.13100123405456543,optimal,68054.77684832277,0.4161362552246386,68053.37394777796,False,False,1.3855583347321954e-13,1.3322676295501878e-14,1.4210854715202004e-14,3.907985046680551e-14,0.0,1.4029005448101088,0.07615225522463859,2880,960,5760
CONGESTED,26,46084.87020777623,128157.98268984967,1.780912,0.8424181938171387,optimal,139432.9118658985,2.0255680711528927,139429.4113923088,False,False,2.6290081223123707e-13,2.4868995751603507e-14,5.684341886080802e-14,8.348877145181177e-14,0.0,3.500473589694593,0.24465607115289267,5760,1920,11520
MULTIDAY,27,15537.308268399027,245738.3378887009,10.0,13.797055721282959,optimal,289569.7032124927,10.0,289554.95178230293,False,False,1.993072373807081e-12,3.5420555377640994e-12,6.750155989720952e-13,6.536993168992922e-13,0.0,14.751430189760868,0.0,23040,7680,46080
DENSE,28,28529.22280488227,655429.457187783,10.0,36.83006715774536,optimal,723475.514333311,10.0,723450.9215997433,False,False,3.133848736069922e-11,5.969003069594692e-12,9.662493027917662e-12,8.254730232692964e-12,0.0,24.592733567696996,0.0,34560,11520,76800
CAPSTONE,29,11912.114030901537,647006.4270878121,10.0,169.66521549224854,optimal,1103959.2524891444,10.0,1103919.0681981724,False,False,2.7742039776512684e-09,1.2505552149377763e-10,1.1535092880876618e-09,1.150336714772493e-09,0.0,40.18429097207263,0.0,57600,19200,115200
BASELINE,30,4136.931874520799,39814.739501547294,8.624219,0.14699721336364746,optimal,41002.325022142024,8.911288427484735,41000.58436790231,False,False,2.7355895326763857e-13,1.4210854715202004e-14,2.842170943040401e-14,9.237055564881302e-14,0.0,1.740654239714786,0.2870694274847345,2880,960,5760
CONGESTED,31,13701.154640721614,63370.63485267989,3.625204,0.7731926441192627,optimal,68318.7414389405,3.9863491965780726,68315.35534873334,False,False,1.2789769243681803e-13,2.1316282072803006e-14,2.1316282072803006e-14,2.842170943040401e-14,0.0,3.3860902071610326,0.36114519657807254,5760,1920,11520
MULTIDAY,32,16563.1274781751,252684.2959999328,10.0,11.638428688049316,optimal,296039.9139364887,10.0,296024.5095929699,False,False,3.9612757518625585e-12,7.389644451905042e-13,1.0196288258157438e-12,1.0906830993917538e-12,0.0,15.40434351877775,0.0,23040,7680,46080
DENSE,33,27394.6960767251,708768.2813420634,10.0,38.97683668136597,optimal,772166.0473392697,10.0,772142.1721635209,False,False,5.137223979545524e-12,6.927791673660977e-13,2.3163693185779266e-12,2.3305801732931286e-12,0.0,23.875175748718902,0.0,34560,11520,76800
CAPSTONE,34,28092.554206917895,688147.8159546981,10.0,182.03476572036743,optimal,1173600.980922418,10.0,1173563.2135776351,False,False,1.7972964450052586e-08,1.2876810728812416e-10,4.729727720587107e-09,4.778257789439522e-09,0.0,37.76734478282742,0.0,57600,19200,115200
BASELINE,35,11441.196415137223,39616.844463927526,2.462649,0.21700406074523926,optimal,42042.69257049981,2.674676235100792,42041.32690572016,False,False,1.3855583347321954e-13,7.105427357601002e-15,1.4210854715202004e-14,3.730349362740526e-14,0.0,1.365664779645158,0.21202723510079213,2880,960,5760
CONGESTED,36,336.8922602371719,68307.55828198664,10.0,0.6771225929260254,optimal,86998.11263277277,10.0,86994.1252826984,False,False,1.8829382497642655e-13,3.552713678800501e-14,1.4210854715202004e-14,5.5067062021407764e-14,0.0,3.9873500743706245,0.0,5760,1920,11520
MULTIDAY,37,24058.802679850567,254650.6579092018,9.584511,11.647482633590698,optimal,295861.56914816704,10.0,295845.40759758506,False,False,4.336087044976011e-12,3.268496584496461e-13,1.1262102361797588e-12,1.1732836924238654e-12,0.0,16.1615505819791,0.4154890000000009,23040,7680,46080
DENSE,38,23548.610273201455,376369.57039494824,10.0,36.845982789993286,optimal,429877.00110678497,10.0,429852.1082366866,False,False,4.04298816647497e-12,1.5418777365994174e-12,1.0231815394945443e-12,1.092459456231154e-12,0.0,24.892870098352432,0.0,34560,11520,76800
CAPSTONE,39,53147.17936477248,795592.7081868361,10.0,178.1928117275238,optimal,1352162.9276844265,10.0,1352124.1043017819,False,False,8.829488251649309e-10,2.6268764941050904e-11,2.4148150146174885e-10,2.3235458002091036e-10,0.0,38.82338264468126,0.0,57600,19200,115200
BASELINE,40,34683.00077535704,50291.12658823747,0.450022,0.14500045776367188,optimal,53633.862550505,0.5464020226319783,53632.43806325267,False,False,6.750155989720952e-14,4.3520742565306136e-14,1.4210854715202004e-14,2.6645352591003757e-14,0.0,1.4244872523267986,0.09638002263197837,2880,960,5760
CONGESTED,41,45903.92554581891,124350.04248608375,1.70892,0.8610000610351562,optimal,142068.33795679617,2.0949060731831324,142064.4818226638,False,False,2.8066438062523957e-13,1.4210854715202004e-14,2.842170943040401e-14,8.526512829121202e-14,0.0,3.856134132365696,0.3859860731831324,5760,1920,11520
MULTIDAY,42,25727.019558116215,310412.5941499501,10.0,14.293630838394165,optimal,367119.0163083441,10.0,367104.57247250853,False,False,8.036238341446733e-12,2.447819724693545e-12,2.6361135496699717e-12,2.1671553440683056e-12,0.0,14.443835835554637,0.0,23040,7680,46080
DENSE,43,18515.844739246037,572558.241830424,10.0,54.15916585922241,optimal,627688.7331366584,10.0,627663.92098494,False,False,1.8268053736392176e-11,2.730260462158185e-11,2.9267255285958527e-11,2.923883357652812e-11,0.0,24.812151718419045,0.0,34560,11520,76800
CAPSTONE,44,45854.18274792224,710945.8663351422,10.0,179.735102891922,optimal,1295639.0782202994,10.0,1295596.6181458964,False,False,6.155254084205808e-10,5.95790083934844e-11,1.6196111118915724e-10,2.2091128926149395e-10,0.0,42.4600744030904,0.0,57600,19200,115200
BASELINE,45,16473.208488799188,43979.879429803164,1.669782,0.2749946117401123,optimal,46623.515748021804,1.8302631984469078,46622.20567076267,False,False,3.232969447708456e-13,7.105427357601002e-15,2.1316282072803006e-14,8.526512829121202e-14,0.0,1.3100772591351415,0.16048119844690767,2880,960,5760
CONGESTED,46,4290.440230316097,113324.4876467837,10.0,0.8623025417327881,optimal,122985.47124520916,10.0,122982.12990811457,False,False,9.57456336436735e-13,4.618527782440651e-14,2.8421709430404007e-13,2.8421709430404007e-13,0.0,3.3413370945927454,0.0,5760,1920,11520
MULTIDAY,47,29727.610713235576,311949.21740543714,9.493585,14.891835927963257,optimal,392568.28595583426,10.0,392554.6186677437,False,False,1.4345857834996423e-11,2.298605750183924e-12,3.4212632726848824e-12,3.410605131648481e-12,0.0,13.667288090568036,0.5064150000000005,23040,7680,46080
DENSE,48,23920.163132483198,511425.9005963731,10.0,37.4771409034729,optimal,566487.5027085034,10.0,566463.0196435177,False,False,2.0747847884194925e-12,5.222489107836736e-13,2.334132886971929e-12,2.8812507935072063e-12,0.0,24.483064985717647,0.0,34560,11520,76800
CAPSTONE,49,74860.03752292784,782772.8396901424,9.456485,170.84082221984863,optimal,1219743.6901276002,10.0,1219704.1641812748,False,False,3.7911362937848025e-10,1.7760015680323704e-11,1.439133257008507e-10,1.588418285791704e-10,0.0,39.52594632538967,0.5435149999999993,57600,19200,115200
BASELINE,50,37445.27529802348,50689.107763873435,0.353685,0.1790006160736084,optimal,53013.065740529506,0.4157477897595271,53011.53550102706,False,False,1.9895196601282805e-13,1.4210854715202004e-14,1.4210854715202004e-14,5.684341886080802e-14,0.0,1.5302395024482394,0.06206278975952706,2880,960,5760
CONGESTED,51,22446.87966860962,87096.78682855295,2.880129,0.8311114311218262,optimal,94835.94772750216,3.224905604893434,94832.86519136847,False,False,2.913225216616411e-13,2.1316282072803006e-14,3.197442310920451e-14,8.526512829121202e-14,0.0,3.082536133690155,0.344776604893434,5760,1920,11520
MULTIDAY,52,9296.989385695737,247324.7629035296,10.0,14.69868016242981,optimal,304994.58891063376,10.0,304980.48372357315,False,False,6.430411758628907e-12,3.517186542012496e-13,1.538325022920617e-12,1.5205614545266144e-12,0.0,14.105187060602475,0.0,23040,7680,46080
DENSE,53,25065.807828768448,680529.7549332929,10.0,44.236531496047974,optimal,744192.9500792639,10.0,744167.85746118,False,False,4.260236607933621e-11,1.071498445526231e-11,4.589395530274487e-11,3.7697844845752115e-11,0.0,25.092618083930574,0.0,34560,11520,76800
CAPSTONE,54,37414.15943690833,710512.4010134502,10.0,149.80942797660828,optimal,1133374.8403810663,10.0,1133332.9437231203,False,False,1.0601914679497781e-08,1.5641177242287085e-10,2.789882103115815e-09,2.7899815790988214e-09,0.0,41.89665794605389,0.0,57600,19200,115200
BASELINE,55,31610.17009660131,59422.47857282172,0.879853,0.14999914169311523,optimal,62754.214184478464,0.9852539227633095,62752.88591464572,False,False,1.8118839761882555e-13,1.0658141036401503e-14,1.4210854715202004e-14,5.684341886080802e-14,0.0,1.3282698327457183,0.10540092276330948,2880,960,5760
CONGESTED,56,9829.299300936138,86800.2586828829,7.830768,0.7045128345489502,optimal,99958.66640897312,9.169460033665231,99954.84970939519,False,False,2.2737367544323206e-13,3.197442310920451e-14,2.842170943040401e-14,6.394884621840902e-14,0.0,3.816699577932013,1.3386920336652315,5760,1920,11520
MULTIDAY,57,12133.729155409714,289406.4533479397,10.0,13.975891351699829,optimal,346522.6713211083,10.0,346508.1657215948,False,False,7.393197165583842e-12,1.6626700016786344e-12,1.7053025658242404e-12,1.7621459846850485e-12,0.0,14.505599513475318,0.0,23040,7680,46080
DENSE,58,19119.709142578726,436814.05452056485,10.0,42.41213655471802,optimal,514897.1159067818,10.0,514872.8984395086,False,False,1.4082957022765186e-11,5.186961971048731e-13,3.68771679859492e-12,4.000355602329364e-12,0.0,24.217467273236252,0.0,34560,11520,76800
CAPSTONE,59,25120.31082685511,625985.8371387344,10.0,179.53730487823486,optimal,1115811.9261541483,10.0,1115770.9579857672,False,False,9.710987569633289e-11,5.17896836527143e-12,2.55298004958604e-11,2.794742215428414e-11,0.0,40.96816838113591,0.0,57600,19200,115200
BASELINE,60,11537.813656218463,48433.27725740449,3.197786,0.15200161933898926,optimal,51878.63174708007,3.4964005564106997,51877.11524623577,False,False,1.1723955140041653e-13,7.105427357601002e-15,2.1316282072803006e-14,4.440892098500626e-14,0.0,1.516500844300026,0.2986145564106999,2880,960,5760
CONGESTED,61,8299.538458231638,85831.80181952273,9.341756,0.7814562320709229,optimal,98217.35471479504,10.0,98213.88846169428,False,False,4.227729277772596e-13,4.707345624410664e-14,4.263256414560601e-14,1.1546319456101628e-13,0.0,3.4662531007634243,0.6582439999999998,5760,1920,11520
MULTIDAY,62,3315.8414578262114,460407.6706318753,10.0,14.373872756958008,optimal,511292.9293263273,10.0,511276.6652313368,False,False,3.0233593406592263e-12,6.075140390748857e-13,8.064660050877137e-13,8.073541835074138e-13,0.0,16.26409499050351,0.0,23040,7680,46080
DENSE,63,896.3765329188925,566734.3480051488,10.0,48.307377099990845,optimal,624478.127446629,10.0,624454.0534187477,False,False,6.551204023708124e-12,3.561595462997502e-12,1.787014980436652e-12,1.730171561575844e-12,0.0,24.0740278812591,0.0,34560,11520,76800
CAPSTONE,64,26513.668108395796,638991.9468597536,10.0,158.58004331588745,optimal,1090964.0751110816,10.0,1090923.3305424913,False,False,1.744580480078639e-09,9.875478212961752e-11,4.5909231971563713e-10,4.638334161199964e-10,0.0,40.74456859030761,0.0,57600,19200,115200
BASELINE,65,35791.157090276014,51494.73140686694,0.438756,0.14800095558166504,optimal,53962.070444713245,0.507692816638955,53960.34442168752,False,False,1.0125233984581428e-13,1.0658141036401503e-14,1.4210854715202004e-14,4.440892098500626e-14,0.0,1.726023025723407,0.06893681663895507,2880,960,5760
CONGESTED,66,23655.828552041898,112282.36049272625,3.746499,0.7698442935943604,optimal,128016.8984850969,4.411642978348997,128014.01783032044,False,False,1.7763568394002505e-13,2.1316282072803006e-14,2.842170943040401e-14,5.684341886080802e-14,0.0,2.880654776454321,0.665143978348997,5760,1920,11520
MULTIDAY,67,13310.954469035016,240486.4050867633,10.0,13.037312984466553,optimal,290278.48260527104,10.0,290264.42423000006,False,False,3.1512570330960443e-12,3.183231456205249e-12,1.850963826655061e-12,1.4992451724538114e-12,0.0,14.058375270979013,0.0,23040,7680,46080
DENSE,68,17005.674951734924,533757.0557010429,10.0,54.59811472892761,optimal,590246.0923545109,10.0,590222.3782145339,False,False,6.301448252088448e-11,5.044853423896711e-12,3.313616048217227e-11,3.8117065059850574e-11,0.0,23.71413997700438,0.0,34560,11520,76800
CAPSTONE,69,10723.19514777277,554965.7340356194,10.0,172.39663171768188,optimal,1037441.248423119,10.0,1037401.3958706824,False,False,2.60478216773663e-09,8.43742853362528e-11,6.854641299014474e-10,6.858051904146123e-10,0.0,39.852552436525,0.0,57600,19200,115200
BASELINE,70,10340.932836249573,52120.96112414348,4.040257,0.20332574844360352,optimal,56121.25277379232,4.427097695928867,56119.81672176166,False,False,3.126388037344441e-13,2.842170943040401e-14,1.4210854715202004e-14,8.348877145181177e-14,0.0,1.4360520306654507,0.38684069592886683,2880,960,5760
CONGESTED,71,6786.384704443254,84905.72787935092,10.0,1.07273268699646,optimal,93285.67697743508,10.0,93282.37506065998,False,False,1.2150280781497713e-12,1.0658141036401503e-13,2.7711166694643907e-13,3.206324095117452e-13,0.0,3.3019167751044733,0.0,5760,1920,11520
MULTIDAY,72,33954.64722252006,438100.5177725427,10.0,15.17866063117981,optimal,493375.51503794437,10.0,493360.1099229266,False,False,1.7676526908871892e-10,2.362554596402333e-12,4.093081429346057e-11,4.200728653813712e-11,0.0,15.405115017783828,0.0,23040,7680,46080
DENSE,73,37078.64263813309,772881.842503767,10.0,44.79694747924805,optimal,833840.2999189734,10.0,833815.8634870878,False,False,9.052314453583676e-12,2.9558577807620168e-12,9.066525308298878e-12,1.7060131085600005e-11,0.0,24.436431885580532,0.0,34560,11520,76800
CAPSTONE,74,35242.09039558889,651521.1801166364,10.0,182.90931677818298,optimal,1137116.7605667436,10.0,1137078.4877055085,False,False,2.9175240001677594e-10,1.8609114249557024e-11,7.672085189369682e-11,8.567013765059528e-11,0.0,38.27286123507656,0.0,57600,19200,115200
BASELINE,75,34994.88668740411,51269.003187395836,0.465043,0.14800024032592773,optimal,54543.10427653789,0.5586021113082005,54541.701762480945,False,False,1.1013412404281553e-13,3.552713678800501e-15,7.105427357601002e-15,2.842170943040401e-14,0.0,1.4025140569428913,0.0935591113082005,2880,960,5760
CONGESTED,76,25432.021962940664,105463.20389126953,3.146867,0.7400553226470947,optimal,115922.89381741273,3.5581469685256044,115919.03514536409,False,False,2.8421709430404007e-13,1.5987211554602254e-14,4.263256414560601e-14,8.881784197001252e-14,0.0,3.8586720486346167,0.41127996852560456,5760,1920,11520
MULTIDAY,77,1947.4108762124342,336022.7755016931,10.0,13.085949420928955,optimal,387562.58174661867,10.0,387547.01354414516,False,False,1.0167866548727034e-11,9.272582701669307e-13,2.62545540863357e-12,3.028688411177427e-12,0.0,15.568202473514248,0.0,23040,7680,46080
DENSE,78,14917.668086605101,929445.7940204313,10.0,48.63798785209656,optimal,1010142.2080611178,10.0,1010116.7986217256,False,False,1.7813306385505712e-11,6.750155989720952e-13,9.830358749240986e-12,9.872991313386592e-12,0.0,25.409439392155036,0.0,34560,11520,76800
CAPSTONE,79,41159.70676511299,611872.9252529885,10.0,235.72039246559143,optimal,1132055.7723248869,10.0,1132015.6620016014,False,False,6.51585096989038e-09,1.5867129832258797e-10,1.7146923880773102e-09,1.7157084641894471e-09,0.0,40.11032328545116,0.0,57600,19200,115200
BASELINE,80,21409.108880193617,44613.93884809728,1.083876,0.21200275421142578,optimal,46017.01707928285,1.149413006195019,46015.41299622034,False,False,1.6342482922482304e-13,7.105427357601002e-15,1.4210854715202004e-14,4.796163466380676e-14,0.0,1.6040830625133822,0.0655370061950189,2880,960,5760
CONGESTED,81,35743.852343531544,101789.92985761992,1.84776,1.2290265560150146,optimal,112288.4239347336,2.141475150842621,112284.9913218806,False,False,1.6697754290362354e-13,2.398081733190338e-14,1.4210854715202004e-14,4.618527782440651e-14,0.0,3.4326128529937705,0.2937151508426208,5760,1920,11520
MULTIDAY,82,8404.736622618868,367536.310204778,10.0,18.015368938446045,optimal,410880.04260059434,10.0,410865.5029620059,False,False,1.0601297617540695e-11,7.247535904753022e-13,2.5863755581667647e-12,2.5934809855243657e-12,0.0,14.53963858843781,0.0,23040,7680,46080
DENSE,83,43203.02810113324,374962.1600260802,7.679071,52.069252729415894,optimal,433582.3790470738,9.03592567685469,433559.89926100004,False,False,3.4426506090312614e-10,4.270361841918202e-11,9.058354066837637e-11,9.060130423677037e-11,0.0,22.479786073730793,1.3568546768546899,34560,11520,76800
CAPSTONE,84,30208.52663870533,883036.1636010031,10.0,223.67621493339539,optimal,1501124.426484958,10.0,1501086.3938178024,False,False,5.526175073100603e-10,2.7696955839928705e-11,1.453983600185893e-10,2.2085799855631194e-10,0.0,38.0326671556104,0.0,57600,19200,115200
BASELINE,85,11784.79820314523,39616.082564572214,2.361626,0.25601696968078613,optimal,41055.74071601697,2.483788182522791,41054.39975599954,False,False,3.161915174132446e-13,3.552713678800501e-14,8.171241461241152e-14,8.526512829121202e-14,0.0,1.3409600174272782,0.12216218252279143,2880,960,5760
CONGESTED,86,35976.59410334225,79655.93517657796,1.214104,1.2497212886810303,optimal,87073.26879835382,1.4202754865237335,87069.87775967736,False,False,6.075140390748857e-13,1.4210854715202004e-14,1.4210854715202004e-13,1.4210854715202004e-13,0.0,3.3910386764619034,0.2061714865237334,5760,1920,11520
MULTIDAY,87,21744.210518645326,330358.8609413682,10.0,21.747676849365234,optimal,392656.7019409385,10.0,392641.82054575084,False,False,1.1013412404281553e-12,5.258016244624741e-13,9.876544027065393e-13,1.2718714970105793e-12,0.0,14.881395187636372,0.0,23040,7680,46080
DENSE,88,68869.8898643918,538886.9626504318,6.824711,58.328731298446655,optimal,600140.9310439664,7.7141264813688455,600115.7325755518,False,False,7.631939524799236e-11,5.279332526697544e-12,2.1046275833214168e-11,3.2013502959671314e-11,0.0,25.19846841460094,0.8894154813688457,34560,11520,76800
CAPSTONE,89,8346.704307287491,732638.206843005,10.0,171.44395995140076,optimal,1272532.9122926195,10.0,1272490.7843933057,False,False,2.986126901305397e-10,5.224265464676137e-12,7.856471029299428e-11,7.860379014346108e-11,0.0,42.12789931381121,0.0,57600,19200,115200
BASELINE,90,19890.738070748113,59791.945037497164,2.006019,0.15199971199035645,optimal,64537.246831085955,2.2445878377812276,64535.51720286777,False,False,1.3855583347321954e-13,7.105427357601002e-15,1.4210854715202004e-14,4.263256414560601e-14,0.0,1.7296282181850984,0.2385688377812274,2880,960,5760
CONGESTED,91,360.7976257438303,84012.41645631896,10.0,0.694185733795166,optimal,97579.88573981199,10.0,97576.2648446814,False,False,2.6645352591003757e-13,1.7763568394002505e-14,3.552713678800501e-14,7.283063041541027e-14,0.0,3.620895130588906,0.0,5760,1920,11520
MULTIDAY,92,21338.76047430147,349148.97022630024,10.0,14.41602897644043,optimal,399905.8044643887,10.0,399891.36411249416,False,False,4.0667913481229334e-11,6.572520305780927e-13,1.06439301816863e-11,1.070610267106531e-11,0.0,14.440351894532796,0.0,23040,7680,46080
DENSE,93,44599.461156386606,596267.2728370533,10.0,51.584275245666504,optimal,675318.379493186,10.0,675295.6326958436,False,False,2.8746072189278493e-10,1.5639045614079805e-11,1.808402316783031e-10,1.8576606919396e-10,0.0,22.746797342435457,0.0,34560,11520,76800
CAPSTONE,94,30142.94117254698,858449.0888646664,10.0,181.3090057373047,optimal,1396050.7821887967,10.0,1396013.0953559442,False,False,3.2590463661108515e-10,9.091394304050482e-12,1.1461764870546176e-10,1.1460343785074656e-10,0.0,37.68683285242878,0.0,57600,19200,115200
BASELINE,95,26598.788135189116,48089.21990809597,0.807948,0.13700270652770996,optimal,50195.33011214328,0.8871284607455394,50193.61093558922,False,False,2.7355895326763857e-13,1.4210854715202004e-14,1.4210854715202004e-14,7.283063041541027e-14,0.0,1.7191765540628694,0.07918046074553942,2880,960,5760
CONGESTED,96,17493.764395797807,126650.95719510247,6.239777,0.8779158592224121,optimal,137399.74872344383,6.8542128273771965,137396.36527811683,False,False,1.7053025658242404e-13,1.0302869668521453e-13,4.263256414560601e-14,5.861977570020827e-14,0.0,3.38344532699557,0.6144358273771964,5760,1920,11520
MULTIDAY,97,17630.47639103031,205259.5158984816,10.0,14.166199445724487,optimal,232537.65672411033,10.0,232524.15440258555,False,False,3.40421024702664e-11,3.907985046680551e-13,8.974154752650065e-12,9.372058684675721e-12,0.0,13.502321524778381,0.0,23040,7680,46080
DENSE,98,18469.611411232505,649101.2662373486,10.0,46.2529239654541,optimal,711880.839493656,10.0,711856.6088671697,False,False,8.08597633294994e-12,1.580957587066223e-12,3.2933655802480644e-12,4.803268893738277e-12,0.0,24.230626486241817,0.0,34560,11520,76800
CAPSTONE,99,18893.122530011962,619275.6211905683,10.0,170.53167152404785,optimal,1088386.2955259315,10.0,1088346.7301649097,False,False,6.7735967945736775e-09,3.498037415283761e-10,5.573866701524821e-09,5.577469153195125e-09,0.0,39.565361021785066,0.0,57600,19200,115200
